{
  "evaluation_config": {
    "eval_file": "drug2reaction_eval.jsonl",
    "topk": 10,
    "timestamp": "2025-12-03T11:42:39.065306"
  },
  "baseline": {
    "model_name": "Baseline (Ollama nomic-embed-text)",
    "metrics": {
      "samples": 596,
      "Hit@10": 0.006711409395973154,
      "Recall@10": 0.0006711409395973155,
      "MRR@10": 0.0022950623202301055
    }
  },
  "fine_tuned_model": {
    "model_name": "Fine-tuned Biencoder (bge-m3)",
    "model_path": "D:\\models\\drug2reaction_biencoder_trial",
    "metrics": {
      "samples": 596,
      "Hit@10": 0.3389261744966443,
      "Recall@10": 0.050167785234899384,
      "MRR@10": 0.15739520080963038
    }
  },
  "improvement": {
    "hit_improvement": 0.33221476510067116,
    "recall_improvement": 0.04949664429530207,
    "mrr_improvement": 0.15510013848940027,
    "hit_improvement_pct": 4950.000000000001,
    "recall_improvement_pct": 7375.000000000007,
    "mrr_improvement_pct": 6757.992457209169
  }
}