epoch,steps,cosine-Accuracy@1,cosine-Accuracy@3,cosine-Accuracy@5,cosine-Accuracy@10,cosine-Precision@1,cosine-Recall@1,cosine-Precision@3,cosine-Recall@3,cosine-Precision@5,cosine-Recall@5,cosine-Precision@10,cosine-Recall@10,cosine-MRR@10,cosine-NDCG@10,cosine-MAP@100
0.6369426751592356,100,0.16946308724832215,0.4463087248322148,0.610738255033557,0.7802013422818792,0.16946308724832215,0.01694630872483222,0.18736017897091722,0.05620805369127517,0.1808724832214765,0.09043624161073825,0.15788590604026845,0.15788590604026845,0.34939810376051983,0.16456007086100083,0.14281009713143913
