{
  "samples": 596,
  "Hit@10": 0.5922818791946308,
  "Recall@10": 0.0738255033557052,
  "MRR@10": 0.28964059337381476
}